id,account_id,counterparty_id,date,amount,currency,flow_direction,description,gl_code,data_source,record_type
tx_oecd_HKG_5126_L02_HKG_2014_240,acc_hkg_5126_L02_HKG,gov_hkg,2014-01-01,2347.0,HKD,inbound,Tax revenue: Tax revenue,5126_L02_HKG,OECD_CTP,tax_revenue
tx_oecd_HKG_5126_L01_HKG_2014_241,acc_hkg_5126_L01_HKG,gov_hkg,2014-01-01,19479.0,HKD,inbound,Tax revenue: Tax revenue,5126_L01_HKG,OECD_CTP,tax_revenue
tx_oecd_HKG_5126_L01_HKG_2015_242,acc_hkg_5126_L01_HKG,gov_hkg,2015-01-01,20127.0,HKD,inbound,Tax revenue: Tax revenue,5126_L01_HKG,OECD_CTP,tax_revenue
tx_oecd_HKG_5126_L02_HKG_2015_243,acc_hkg_5126_L02_HKG,gov_hkg,2015-01-01,2516.0,HKD,inbound,Tax revenue: Tax revenue,5126_L02_HKG,OECD_CTP,tax_revenue
tx_oecd_HKG_5126_L01_HKG_2016_244,acc_hkg_5126_L01_HKG,gov_hkg,2016-01-01,21119.0,HKD,inbound,Tax revenue: Tax revenue,5126_L01_HKG,OECD_CTP,tax_revenue
tx_oecd_HKG_5126_L02_HKG_2016_245,acc_hkg_5126_L02_HKG,gov_hkg,2016-01-01,2598.0,HKD,inbound,Tax revenue: Tax revenue,5126_L02_HKG,OECD_CTP,tax_revenue
tx_oecd_HKG_5126_L01_HKG_2017_246,acc_hkg_5126_L01_HKG,gov_hkg,2017-01-01,21959.0,HKD,inbound,Tax revenue: Tax revenue,5126_L01_HKG,OECD_CTP,tax_revenue
tx_oecd_HKG_5126_L02_HKG_2017_247,acc_hkg_5126_L02_HKG,gov_hkg,2017-01-01,2737.0,HKD,inbound,Tax revenue: Tax revenue,5126_L02_HKG,OECD_CTP,tax_revenue
tx_oecd_HKG_5126_L01_HKG_2018_248,acc_hkg_5126_L01_HKG,gov_hkg,2018-01-01,22194.0,HKD,inbound,Tax revenue: Tax revenue,5126_L01_HKG,OECD_CTP,tax_revenue
tx_oecd_HKG_5126_L02_HKG_2018_249,acc_hkg_5126_L02_HKG,gov_hkg,2018-01-01,2881.0,HKD,inbound,Tax revenue: Tax revenue,5126_L02_HKG,OECD_CTP,tax_revenue
tx_oecd_HKG_5126_L01_HKG_2019_250,acc_hkg_5126_L01_HKG,gov_hkg,2019-01-01,22012.0,HKD,inbound,Tax revenue: Tax revenue,5126_L01_HKG,OECD_CTP,tax_revenue
tx_oecd_HKG_5126_L02_HKG_2019_251,acc_hkg_5126_L02_HKG,gov_hkg,2019-01-01,2347.0,HKD,inbound,Tax revenue: Tax revenue,5126_L02_HKG,OECD_CTP,tax_revenue
tx_oecd_HKG_5126_L02_HKG_2020_252,acc_hkg_5126_L02_HKG,gov_hkg,2020-01-01,101.0,HKD,inbound,Tax revenue: Tax revenue,5126_L02_HKG,OECD_CTP,tax_revenue
tx_oecd_HKG_5126_L01_HKG_2020_253,acc_hkg_5126_L01_HKG,gov_hkg,2020-01-01,20877.0,HKD,inbound,Tax revenue: Tax revenue,5126_L01_HKG,OECD_CTP,tax_revenue
tx_oecd_HKG_5126_L02_HKG_2021_254,acc_hkg_5126_L02_HKG,gov_hkg,2021-01-01,56.0,HKD,inbound,Tax revenue: Tax revenue,5126_L02_HKG,OECD_CTP,tax_revenue
tx_oecd_HKG_5126_L01_HKG_2021_255,acc_hkg_5126_L01_HKG,gov_hkg,2021-01-01,25432.0,HKD,inbound,Tax revenue: Tax revenue,5126_L01_HKG,OECD_CTP,tax_revenue
tx_oecd_HKG_5126_L01_HKG_2022_256,acc_hkg_5126_L01_HKG,gov_hkg,2022-01-01,25824.0,HKD,inbound,Tax revenue: Tax revenue,5126_L01_HKG,OECD_CTP,tax_revenue
tx_oecd_HKG_5126_L02_HKG_2022_257,acc_hkg_5126_L02_HKG,gov_hkg,2022-01-01,393.0,HKD,inbound,Tax revenue: Tax revenue,5126_L02_HKG,OECD_CTP,tax_revenue
tx_oecd_HKG_5126_L01_HKG_2023_258,acc_hkg_5126_L01_HKG,gov_hkg,2023-01-01,28467.0,HKD,inbound,Tax revenue: Tax revenue,5126_L01_HKG,OECD_CTP,tax_revenue
tx_oecd_HKG_5126_L02_HKG_2023_259,acc_hkg_5126_L02_HKG,gov_hkg,2023-01-01,1943.0,HKD,inbound,Tax revenue: Tax revenue,5126_L02_HKG,OECD_CTP,tax_revenue
tx_oecd_HKG_NTR_C_L02_HKG_2014_260,acc_hkg_NTR_C_L02_HKG,gov_hkg,2014-01-01,7099.0,HKD,inbound,Tax revenue: Non-tax revenue,NTR_C_L02_HKG,OECD_CTP,tax_revenue
tx_oecd_HKG_NTR_C_L03_HKG_2014_261,acc_hkg_NTR_C_L03_HKG,gov_hkg,2014-01-01,3972.0,HKD,inbound,Tax revenue: Non-tax revenue,NTR_C_L03_HKG,OECD_CTP,tax_revenue
tx_oecd_HKG_NTR_C_L01_HKG_2014_262,acc_hkg_NTR_C_L01_HKG,gov_hkg,2014-01-01,77804.0,HKD,inbound,Tax revenue: Non-tax revenue,NTR_C_L01_HKG,OECD_CTP,tax_revenue
tx_oecd_HKG_NTR_C_L03_HKG_2015_263,acc_hkg_NTR_C_L03_HKG,gov_hkg,2015-01-01,4010.0,HKD,inbound,Tax revenue: Non-tax revenue,NTR_C_L03_HKG,OECD_CTP,tax_revenue
tx_oecd_HKG_NTR_C_L01_HKG_2015_264,acc_hkg_NTR_C_L01_HKG,gov_hkg,2015-01-01,60893.0,HKD,inbound,Tax revenue: Non-tax revenue,NTR_C_L01_HKG,OECD_CTP,tax_revenue
tx_oecd_HKG_NTR_C_L02_HKG_2015_265,acc_hkg_NTR_C_L02_HKG,gov_hkg,2015-01-01,7498.0,HKD,inbound,Tax revenue: Non-tax revenue,NTR_C_L02_HKG,OECD_CTP,tax_revenue
tx_oecd_HKG_NTR_C_L03_HKG_2016_266,acc_hkg_NTR_C_L03_HKG,gov_hkg,2016-01-01,4256.0,HKD,inbound,Tax revenue: Non-tax revenue,NTR_C_L03_HKG,OECD_CTP,tax_revenue
tx_oecd_HKG_NTR_C_L01_HKG_2016_267,acc_hkg_NTR_C_L01_HKG,gov_hkg,2016-01-01,127970.0,HKD,inbound,Tax revenue: Non-tax revenue,NTR_C_L01_HKG,OECD_CTP,tax_revenue
tx_oecd_HKG_NTR_C_L02_HKG_2016_268,acc_hkg_NTR_C_L02_HKG,gov_hkg,2016-01-01,7329.0,HKD,inbound,Tax revenue: Non-tax revenue,NTR_C_L02_HKG,OECD_CTP,tax_revenue
tx_oecd_HKG_NTR_C_L03_HKG_2017_269,acc_hkg_NTR_C_L03_HKG,gov_hkg,2017-01-01,4373.0,HKD,inbound,Tax revenue: Non-tax revenue,NTR_C_L03_HKG,OECD_CTP,tax_revenue
tx_oecd_HKG_NTR_C_L01_HKG_2017_270,acc_hkg_NTR_C_L01_HKG,gov_hkg,2017-01-01,164811.0,HKD,inbound,Tax revenue: Non-tax revenue,NTR_C_L01_HKG,OECD_CTP,tax_revenue
tx_oecd_HKG_NTR_C_L02_HKG_2017_271,acc_hkg_NTR_C_L02_HKG,gov_hkg,2017-01-01,7743.0,HKD,inbound,Tax revenue: Non-tax revenue,NTR_C_L02_HKG,OECD_CTP,tax_revenue
tx_oecd_HKG_NTR_C_L03_HKG_2018_272,acc_hkg_NTR_C_L03_HKG,gov_hkg,2018-01-01,4440.0,HKD,inbound,Tax revenue: Non-tax revenue,NTR_C_L03_HKG,OECD_CTP,tax_revenue
tx_oecd_HKG_NTR_C_L01_HKG_2018_273,acc_hkg_NTR_C_L01_HKG,gov_hkg,2018-01-01,116861.0,HKD,inbound,Tax revenue: Non-tax revenue,NTR_C_L01_HKG,OECD_CTP,tax_revenue
tx_oecd_HKG_NTR_C_L02_HKG_2018_274,acc_hkg_NTR_C_L02_HKG,gov_hkg,2018-01-01,8199.0,HKD,inbound,Tax revenue: Non-tax revenue,NTR_C_L02_HKG,OECD_CTP,tax_revenue
tx_oecd_HKG_NTR_C_L03_HKG_2019_275,acc_hkg_NTR_C_L03_HKG,gov_hkg,2019-01-01,3906.0,HKD,inbound,Tax revenue: Non-tax revenue,NTR_C_L03_HKG,OECD_CTP,tax_revenue
tx_oecd_HKG_NTR_C_L01_HKG_2019_276,acc_hkg_NTR_C_L01_HKG,gov_hkg,2019-01-01,141728.0,HKD,inbound,Tax revenue: Non-tax revenue,NTR_C_L01_HKG,OECD_CTP,tax_revenue
tx_oecd_HKG_NTR_C_L02_HKG_2019_277,acc_hkg_NTR_C_L02_HKG,gov_hkg,2019-01-01,7290.0,HKD,inbound,Tax revenue: Non-tax revenue,NTR_C_L02_HKG,OECD_CTP,tax_revenue
tx_oecd_HKG_NTR_C_L03_HKG_2020_278,acc_hkg_NTR_C_L03_HKG,gov_hkg,2020-01-01,3496.0,HKD,inbound,Tax revenue: Non-tax revenue,NTR_C_L03_HKG,OECD_CTP,tax_revenue
tx_oecd_HKG_NTR_C_L01_HKG_2020_279,acc_hkg_NTR_C_L01_HKG,gov_hkg,2020-01-01,88713.0,HKD,inbound,Tax revenue: Non-tax revenue,NTR_C_L01_HKG,OECD_CTP,tax_revenue
tx_oecd_HKG_NTR_C_L02_HKG_2020_280,acc_hkg_NTR_C_L02_HKG,gov_hkg,2020-01-01,6101.0,HKD,inbound,Tax revenue: Non-tax revenue,NTR_C_L02_HKG,OECD_CTP,tax_revenue
tx_oecd_HKG_NTR_C_L02_HKG_2021_281,acc_hkg_NTR_C_L02_HKG,gov_hkg,2021-01-01,6667.0,HKD,inbound,Tax revenue: Non-tax revenue,NTR_C_L02_HKG,OECD_CTP,tax_revenue
tx_oecd_HKG_NTR_C_L01_HKG_2021_282,acc_hkg_NTR_C_L01_HKG,gov_hkg,2021-01-01,143044.0,HKD,inbound,Tax revenue: Non-tax revenue,NTR_C_L01_HKG,OECD_CTP,tax_revenue
tx_oecd_HKG_NTR_C_L03_HKG_2021_283,acc_hkg_NTR_C_L03_HKG,gov_hkg,2021-01-01,3200.0,HKD,inbound,Tax revenue: Non-tax revenue,NTR_C_L03_HKG,OECD_CTP,tax_revenue
tx_oecd_HKG_NTR_C_L01_HKG_2022_284,acc_hkg_NTR_C_L01_HKG,gov_hkg,2022-01-01,69928.0,HKD,inbound,Tax revenue: Non-tax revenue,NTR_C_L01_HKG,OECD_CTP,tax_revenue
tx_oecd_HKG_NTR_C_L03_HKG_2022_285,acc_hkg_NTR_C_L03_HKG,gov_hkg,2022-01-01,3202.0,HKD,inbound,Tax revenue: Non-tax revenue,NTR_C_L03_HKG,OECD_CTP,tax_revenue
tx_oecd_HKG_NTR_C_L02_HKG_2022_286,acc_hkg_NTR_C_L02_HKG,gov_hkg,2022-01-01,7483.0,HKD,inbound,Tax revenue: Non-tax revenue,NTR_C_L02_HKG,OECD_CTP,tax_revenue
tx_oecd_HKG_NTR_C_L02_HKG_2023_287,acc_hkg_NTR_C_L02_HKG,gov_hkg,2023-01-01,8236.0,HKD,inbound,Tax revenue: Non-tax revenue,NTR_C_L02_HKG,OECD_CTP,tax_revenue
tx_oecd_HKG_NTR_C_L01_HKG_2023_288,acc_hkg_NTR_C_L01_HKG,gov_hkg,2023-01-01,19581.0,HKD,inbound,Tax revenue: Non-tax revenue,NTR_C_L01_HKG,OECD_CTP,tax_revenue
tx_oecd_HKG_NTR_C_L03_HKG_2023_289,acc_hkg_NTR_C_L03_HKG,gov_hkg,2023-01-01,3372.0,HKD,inbound,Tax revenue: Non-tax revenue,NTR_C_L03_HKG,OECD_CTP,tax_revenue
tx_oecd_HKG_TOTAL_2014_290,acc_hkg_TOTAL,gov_hkg,2014-01-01,478560.0,HKD,inbound,Tax revenue: Tax and non-tax revenue,TOTAL,OECD_CTP,tax_revenue
tx_oecd_HKG_TOTAL_2015_291,acc_hkg_TOTAL,gov_hkg,2015-01-01,449798.0,HKD,inbound,Tax revenue: Tax and non-tax revenue,TOTAL,OECD_CTP,tax_revenue
tx_oecd_HKG_TOTAL_2016_292,acc_hkg_TOTAL,gov_hkg,2016-01-01,572954.0,HKD,inbound,Tax revenue: Tax and non-tax revenue,TOTAL,OECD_CTP,tax_revenue
tx_oecd_HKG_TOTAL_2017_293,acc_hkg_TOTAL,gov_hkg,2017-01-01,619544.0,HKD,inbound,Tax revenue: Tax and non-tax revenue,TOTAL,OECD_CTP,tax_revenue
tx_oecd_HKG_TOTAL_2018_294,acc_hkg_TOTAL,gov_hkg,2018-01-01,599493.0,HKD,inbound,Tax revenue: Tax and non-tax revenue,TOTAL,OECD_CTP,tax_revenue
tx_oecd_HKG_TOTAL_2019_295,acc_hkg_TOTAL,gov_hkg,2019-01-01,590926.0,HKD,inbound,Tax revenue: Tax and non-tax revenue,TOTAL,OECD_CTP,tax_revenue
tx_oecd_HKG_TOTAL_2020_296,acc_hkg_TOTAL,gov_hkg,2020-01-01,564230.0,HKD,inbound,Tax revenue: Tax and non-tax revenue,TOTAL,OECD_CTP,tax_revenue
tx_oecd_HKG_TOTAL_2021_297,acc_hkg_TOTAL,gov_hkg,2021-01-01,693520.0,HKD,inbound,Tax revenue: Tax and non-tax revenue,TOTAL,OECD_CTP,tax_revenue
tx_oecd_HKG_TOTAL_2022_298,acc_hkg_TOTAL,gov_hkg,2022-01-01,622147.0,HKD,inbound,Tax revenue: Tax and non-tax revenue,TOTAL,OECD_CTP,tax_revenue
tx_oecd_HKG_TOTAL_2023_299,acc_hkg_TOTAL,gov_hkg,2023-01-01,549406.0,HKD,inbound,Tax revenue: Tax and non-tax revenue,TOTAL,OECD_CTP,tax_revenue
tx_oecd_HKG_NTR_D_2014_300,acc_hkg_NTR_D,gov_hkg,2014-01-01,1328.0,HKD,inbound,Tax revenue: Non-tax revenue,NTR_D,OECD_CTP,tax_revenue
tx_oecd_HKG_NTR_C_2014_301,acc_hkg_NTR_C,gov_hkg,2014-01-01,88875.0,HKD,inbound,Tax revenue: Non-tax revenue,NTR_C,OECD_CTP,tax_revenue
tx_oecd_HKG_NTR_BB_2014_302,acc_hkg_NTR_BB,gov_hkg,2014-01-01,215.0,HKD,inbound,Tax revenue: Non-tax revenue,NTR_BB,OECD_CTP,tax_revenue
tx_oecd_HKG_NTR_E_2014_303,acc_hkg_NTR_E,gov_hkg,2014-01-01,10484.0,HKD,inbound,Tax revenue: Non-tax revenue,NTR_E,OECD_CTP,tax_revenue
tx_oecd_HKG_NTR_BA_2014_304,acc_hkg_NTR_BA,gov_hkg,2014-01-01,23632.0,HKD,inbound,Tax revenue: Non-tax revenue,NTR_BA,OECD_CTP,tax_revenue
tx_oecd_HKG_TOTALNONTAX_2014_305,acc_hkg_TOTALNONTAX,gov_hkg,2014-01-01,124534.0,HKD,inbound,Tax revenue: Non-tax revenue,TOTALNONTAX,OECD_CTP,tax_revenue
tx_oecd_HKG_NTR_B_2014_306,acc_hkg_NTR_B,gov_hkg,2014-01-01,23847.0,HKD,inbound,Tax revenue: Non-tax revenue,NTR_B,OECD_CTP,tax_revenue
tx_oecd_HKG_TOTALNONTAX_2015_307,acc_hkg_TOTALNONTAX,gov_hkg,2015-01-01,105200.0,HKD,inbound,Tax revenue: Non-tax revenue,TOTALNONTAX,OECD_CTP,tax_revenue
tx_oecd_HKG_NTR_B_2015_308,acc_hkg_NTR_B,gov_hkg,2015-01-01,20020.0,HKD,inbound,Tax revenue: Non-tax revenue,NTR_B,OECD_CTP,tax_revenue
tx_oecd_HKG_NTR_D_2015_309,acc_hkg_NTR_D,gov_hkg,2015-01-01,1409.0,HKD,inbound,Tax revenue: Non-tax revenue,NTR_D,OECD_CTP,tax_revenue
tx_oecd_HKG_NTR_C_2015_310,acc_hkg_NTR_C,gov_hkg,2015-01-01,72401.0,HKD,inbound,Tax revenue: Non-tax revenue,NTR_C,OECD_CTP,tax_revenue
tx_oecd_HKG_NTR_BB_2015_311,acc_hkg_NTR_BB,gov_hkg,2015-01-01,183.0,HKD,inbound,Tax revenue: Non-tax revenue,NTR_BB,OECD_CTP,tax_revenue
tx_oecd_HKG_NTR_E_2015_312,acc_hkg_NTR_E,gov_hkg,2015-01-01,11370.0,HKD,inbound,Tax revenue: Non-tax revenue,NTR_E,OECD_CTP,tax_revenue
tx_oecd_HKG_NTR_BA_2015_313,acc_hkg_NTR_BA,gov_hkg,2015-01-01,19837.0,HKD,inbound,Tax revenue: Non-tax revenue,NTR_BA,OECD_CTP,tax_revenue
tx_oecd_HKG_TOTALNONTAX_2016_314,acc_hkg_TOTALNONTAX,gov_hkg,2016-01-01,225018.0,HKD,inbound,Tax revenue: Non-tax revenue,TOTALNONTAX,OECD_CTP,tax_revenue
tx_oecd_HKG_NTR_B_2016_315,acc_hkg_NTR_B,gov_hkg,2016-01-01,50927.0,HKD,inbound,Tax revenue: Non-tax revenue,NTR_B,OECD_CTP,tax_revenue
tx_oecd_HKG_NTR_BA_2016_316,acc_hkg_NTR_BA,gov_hkg,2016-01-01,30202.0,HKD,inbound,Tax revenue: Non-tax revenue,NTR_BA,OECD_CTP,tax_revenue
tx_oecd_HKG_NTR_D_2016_317,acc_hkg_NTR_D,gov_hkg,2016-01-01,1496.0,HKD,inbound,Tax revenue: Non-tax revenue,NTR_D,OECD_CTP,tax_revenue
tx_oecd_HKG_NTR_C_2016_318,acc_hkg_NTR_C,gov_hkg,2016-01-01,139555.0,HKD,inbound,Tax revenue: Non-tax revenue,NTR_C,OECD_CTP,tax_revenue
tx_oecd_HKG_NTR_BB_2016_319,acc_hkg_NTR_BB,gov_hkg,2016-01-01,20725.0,HKD,inbound,Tax revenue: Non-tax revenue,NTR_BB,OECD_CTP,tax_revenue
tx_oecd_HKG_NTR_E_2016_320,acc_hkg_NTR_E,gov_hkg,2016-01-01,33040.0,HKD,inbound,Tax revenue: Non-tax revenue,NTR_E,OECD_CTP,tax_revenue
tx_oecd_HKG_TOTALNONTAX_2017_321,acc_hkg_TOTALNONTAX,gov_hkg,2017-01-01,238025.0,HKD,inbound,Tax revenue: Non-tax revenue,TOTALNONTAX,OECD_CTP,tax_revenue
tx_oecd_HKG_NTR_B_2017_322,acc_hkg_NTR_B,gov_hkg,2017-01-01,49089.0,HKD,inbound,Tax revenue: Non-tax revenue,NTR_B,OECD_CTP,tax_revenue
tx_oecd_HKG_NTR_D_2017_323,acc_hkg_NTR_D,gov_hkg,2017-01-01,2327.0,HKD,inbound,Tax revenue: Non-tax revenue,NTR_D,OECD_CTP,tax_revenue
tx_oecd_HKG_NTR_C_2017_324,acc_hkg_NTR_C,gov_hkg,2017-01-01,176927.0,HKD,inbound,Tax revenue: Non-tax revenue,NTR_C,OECD_CTP,tax_revenue
tx_oecd_HKG_NTR_BB_2017_325,acc_hkg_NTR_BB,gov_hkg,2017-01-01,21443.0,HKD,inbound,Tax revenue: Non-tax revenue,NTR_BB,OECD_CTP,tax_revenue
tx_oecd_HKG_NTR_E_2017_326,acc_hkg_NTR_E,gov_hkg,2017-01-01,9682.0,HKD,inbound,Tax revenue: Non-tax revenue,NTR_E,OECD_CTP,tax_revenue
tx_oecd_HKG_NTR_BA_2017_327,acc_hkg_NTR_BA,gov_hkg,2017-01-01,27646.0,HKD,inbound,Tax revenue: Non-tax revenue,NTR_BA,OECD_CTP,tax_revenue
tx_oecd_HKG_TOTALNONTAX_2018_328,acc_hkg_TOTALNONTAX,gov_hkg,2018-01-01,209233.0,HKD,inbound,Tax revenue: Non-tax revenue,TOTALNONTAX,OECD_CTP,tax_revenue
tx_oecd_HKG_NTR_B_2018_329,acc_hkg_NTR_B,gov_hkg,2018-01-01,58754.0,HKD,inbound,Tax revenue: Non-tax revenue,NTR_B,OECD_CTP,tax_revenue
tx_oecd_HKG_NTR_BA_2018_330,acc_hkg_NTR_BA,gov_hkg,2018-01-01,18412.0,HKD,inbound,Tax revenue: Non-tax revenue,NTR_BA,OECD_CTP,tax_revenue
tx_oecd_HKG_NTR_D_2018_331,acc_hkg_NTR_D,gov_hkg,2018-01-01,2837.0,HKD,inbound,Tax revenue: Non-tax revenue,NTR_D,OECD_CTP,tax_revenue
tx_oecd_HKG_NTR_C_2018_332,acc_hkg_NTR_C,gov_hkg,2018-01-01,129500.0,HKD,inbound,Tax revenue: Non-tax revenue,NTR_C,OECD_CTP,tax_revenue
tx_oecd_HKG_NTR_BB_2018_333,acc_hkg_NTR_BB,gov_hkg,2018-01-01,40342.0,HKD,inbound,Tax revenue: Non-tax revenue,NTR_BB,OECD_CTP,tax_revenue
tx_oecd_HKG_NTR_E_2018_334,acc_hkg_NTR_E,gov_hkg,2018-01-01,18142.0,HKD,inbound,Tax revenue: Non-tax revenue,NTR_E,OECD_CTP,tax_revenue
tx_oecd_HKG_TOTALNONTAX_2019_335,acc_hkg_TOTALNONTAX,gov_hkg,2019-01-01,237573.0,HKD,inbound,Tax revenue: Non-tax revenue,TOTALNONTAX,OECD_CTP,tax_revenue
tx_oecd_HKG_NTR_B_2019_336,acc_hkg_NTR_B,gov_hkg,2019-01-01,73252.0,HKD,inbound,Tax revenue: Non-tax revenue,NTR_B,OECD_CTP,tax_revenue
tx_oecd_HKG_NTR_D_2019_337,acc_hkg_NTR_D,gov_hkg,2019-01-01,1801.0,HKD,inbound,Tax revenue: Non-tax revenue,NTR_D,OECD_CTP,tax_revenue
tx_oecd_HKG_NTR_C_2019_338,acc_hkg_NTR_C,gov_hkg,2019-01-01,152924.0,HKD,inbound,Tax revenue: Non-tax revenue,NTR_C,OECD_CTP,tax_revenue
tx_oecd_HKG_NTR_BB_2019_339,acc_hkg_NTR_BB,gov_hkg,2019-01-01,48399.0,HKD,inbound,Tax revenue: Non-tax revenue,NTR_BB,OECD_CTP,tax_revenue
tx_oecd_HKG_NTR_E_2019_340,acc_hkg_NTR_E,gov_hkg,2019-01-01,9596.0,HKD,inbound,Tax revenue: Non-tax revenue,NTR_E,OECD_CTP,tax_revenue
tx_oecd_HKG_NTR_BA_2019_341,acc_hkg_NTR_BA,gov_hkg,2019-01-01,24853.0,HKD,inbound,Tax revenue: Non-tax revenue,NTR_BA,OECD_CTP,tax_revenue
tx_oecd_HKG_NTR_C_2020_342,acc_hkg_NTR_C,gov_hkg,2020-01-01,98310.0,HKD,inbound,Tax revenue: Non-tax revenue,NTR_C,OECD_CTP,tax_revenue
tx_oecd_HKG_NTR_D_2020_343,acc_hkg_NTR_D,gov_hkg,2020-01-01,4772.0,HKD,inbound,Tax revenue: Non-tax revenue,NTR_D,OECD_CTP,tax_revenue
tx_oecd_HKG_TOTALNONTAX_2020_344,acc_hkg_TOTALNONTAX,gov_hkg,2020-01-01,188001.0,HKD,inbound,Tax revenue: Non-tax revenue,TOTALNONTAX,OECD_CTP,tax_revenue
tx_oecd_HKG_NTR_B_2020_345,acc_hkg_NTR_B,gov_hkg,2020-01-01,76889.0,HKD,inbound,Tax revenue: Non-tax revenue,NTR_B,OECD_CTP,tax_revenue
tx_oecd_HKG_NTR_E_2020_346,acc_hkg_NTR_E,gov_hkg,2020-01-01,8030.0,HKD,inbound,Tax revenue: Non-tax revenue,NTR_E,OECD_CTP,tax_revenue
tx_oecd_HKG_NTR_BB_2020_347,acc_hkg_NTR_BB,gov_hkg,2020-01-01,52426.0,HKD,inbound,Tax revenue: Non-tax revenue,NTR_BB,OECD_CTP,tax_revenue
tx_oecd_HKG_NTR_BA_2020_348,acc_hkg_NTR_BA,gov_hkg,2020-01-01,24463.0,HKD,inbound,Tax revenue: Non-tax revenue,NTR_BA,OECD_CTP,tax_revenue
tx_oecd_HKG_NTR_BA_2021_349,acc_hkg_NTR_BA,gov_hkg,2021-01-01,22876.0,HKD,inbound,Tax revenue: Non-tax revenue,NTR_BA,OECD_CTP,tax_revenue
tx_oecd_HKG_NTR_C_2021_350,acc_hkg_NTR_C,gov_hkg,2021-01-01,152911.0,HKD,inbound,Tax revenue: Non-tax revenue,NTR_C,OECD_CTP,tax_revenue
tx_oecd_HKG_NTR_D_2021_351,acc_hkg_NTR_D,gov_hkg,2021-01-01,2594.0,HKD,inbound,Tax revenue: Non-tax revenue,NTR_D,OECD_CTP,tax_revenue
tx_oecd_HKG_NTR_BB_2021_352,acc_hkg_NTR_BB,gov_hkg,2021-01-01,80433.0,HKD,inbound,Tax revenue: Non-tax revenue,NTR_BB,OECD_CTP,tax_revenue
tx_oecd_HKG_NTR_E_2021_353,acc_hkg_NTR_E,gov_hkg,2021-01-01,7619.0,HKD,inbound,Tax revenue: Non-tax revenue,NTR_E,OECD_CTP,tax_revenue
tx_oecd_HKG_NTR_B_2021_354,acc_hkg_NTR_B,gov_hkg,2021-01-01,103309.0,HKD,inbound,Tax revenue: Non-tax revenue,NTR_B,OECD_CTP,tax_revenue
tx_oecd_HKG_TOTALNONTAX_2021_355,acc_hkg_TOTALNONTAX,gov_hkg,2021-01-01,266433.0,HKD,inbound,Tax revenue: Non-tax revenue,TOTALNONTAX,OECD_CTP,tax_revenue
tx_oecd_HKG_TOTALNONTAX_2022_356,acc_hkg_TOTALNONTAX,gov_hkg,2022-01-01,217012.0,HKD,inbound,Tax revenue: Non-tax revenue,TOTALNONTAX,OECD_CTP,tax_revenue
tx_oecd_HKG_NTR_B_2022_357,acc_hkg_NTR_B,gov_hkg,2022-01-01,119185.0,HKD,inbound,Tax revenue: Non-tax revenue,NTR_B,OECD_CTP,tax_revenue
tx_oecd_HKG_NTR_C_2022_358,acc_hkg_NTR_C,gov_hkg,2022-01-01,80613.0,HKD,inbound,Tax revenue: Non-tax revenue,NTR_C,OECD_CTP,tax_revenue
tx_oecd_HKG_NTR_D_2022_359,acc_hkg_NTR_D,gov_hkg,2022-01-01,2370.0,HKD,inbound,Tax revenue: Non-tax revenue,NTR_D,OECD_CTP,tax_revenue
tx_oecd_HKG_NTR_BB_2022_360,acc_hkg_NTR_BB,gov_hkg,2022-01-01,93301.0,HKD,inbound,Tax revenue: Non-tax revenue,NTR_BB,OECD_CTP,tax_revenue
tx_oecd_HKG_NTR_E_2022_361,acc_hkg_NTR_E,gov_hkg,2022-01-01,14844.0,HKD,inbound,Tax revenue: Non-tax revenue,NTR_E,OECD_CTP,tax_revenue
tx_oecd_HKG_NTR_BA_2022_362,acc_hkg_NTR_BA,gov_hkg,2022-01-01,25884.0,HKD,inbound,Tax revenue: Non-tax revenue,NTR_BA,OECD_CTP,tax_revenue
tx_oecd_HKG_TOTALNONTAX_2023_363,acc_hkg_TOTALNONTAX,gov_hkg,2023-01-01,151218.0,HKD,inbound,Tax revenue: Non-tax revenue,TOTALNONTAX,OECD_CTP,tax_revenue
tx_oecd_HKG_NTR_B_2023_364,acc_hkg_NTR_B,gov_hkg,2023-01-01,101501.0,HKD,inbound,Tax revenue: Non-tax revenue,NTR_B,OECD_CTP,tax_revenue
tx_oecd_HKG_NTR_BA_2023_365,acc_hkg_NTR_BA,gov_hkg,2023-01-01,26551.0,HKD,inbound,Tax revenue: Non-tax revenue,NTR_BA,OECD_CTP,tax_revenue
tx_oecd_HKG_NTR_C_2023_366,acc_hkg_NTR_C,gov_hkg,2023-01-01,31189.0,HKD,inbound,Tax revenue: Non-tax revenue,NTR_C,OECD_CTP,tax_revenue
tx_oecd_HKG_NTR_D_2023_367,acc_hkg_NTR_D,gov_hkg,2023-01-01,1965.0,HKD,inbound,Tax revenue: Non-tax revenue,NTR_D,OECD_CTP,tax_revenue
tx_oecd_HKG_NTR_BB_2023_368,acc_hkg_NTR_BB,gov_hkg,2023-01-01,74950.0,HKD,inbound,Tax revenue: Non-tax revenue,NTR_BB,OECD_CTP,tax_revenue
tx_oecd_HKG_NTR_E_2023_369,acc_hkg_NTR_E,gov_hkg,2023-01-01,16563.0,HKD,inbound,Tax revenue: Non-tax revenue,NTR_E,OECD_CTP,tax_revenue
tx_oecd_HKG_4000_2014_370,acc_hkg_4000,gov_hkg,2014-01-01,100234.0,HKD,inbound,Tax revenue: Tax revenue,4000,OECD_CTP,tax_revenue
tx_oecd_HKG_1100_2014_371,acc_hkg_1100,gov_hkg,2014-01-01,64164.0,HKD,inbound,Tax revenue: Tax revenue,1100,OECD_CTP,tax_revenue
tx_oecd_HKG_4400_2014_372,acc_hkg_4400,gov_hkg,2014-01-01,74845.0,HKD,inbound,Tax revenue: Tax revenue,4400,OECD_CTP,tax_revenue
tx_oecd_HKG_1110_2014_373,acc_hkg_1110,gov_hkg,2014-01-01,64164.0,HKD,inbound,Tax revenue: Tax revenue,1110,OECD_CTP,tax_revenue
tx_oecd_HKG_6100_2014_374,acc_hkg_6100,gov_hkg,2014-01-01,2916.0,HKD,inbound,Tax revenue: Tax revenue,6100,OECD_CTP,tax_revenue
tx_oecd_HKG_5200_2014_375,acc_hkg_5200,gov_hkg,2014-01-01,9549.0,HKD,inbound,Tax revenue: Tax revenue,5200,OECD_CTP,tax_revenue
tx_oecd_HKG_5121_2014_376,acc_hkg_5121,gov_hkg,2014-01-01,10010.0,HKD,inbound,Tax revenue: Tax revenue,5121,OECD_CTP,tax_revenue
tx_oecd_HKG_5100_2014_377,acc_hkg_5100,gov_hkg,2014-01-01,31836.0,HKD,inbound,Tax revenue: Tax revenue,5100,OECD_CTP,tax_revenue
tx_oecd_HKG_5220_2014_378,acc_hkg_5220,gov_hkg,2014-01-01,9549.0,HKD,inbound,Tax revenue: Tax revenue,5220,OECD_CTP,tax_revenue
tx_oecd_HKG_4100_2014_379,acc_hkg_4100,gov_hkg,2014-01-01,25211.0,HKD,inbound,Tax revenue: Tax revenue,4100,OECD_CTP,tax_revenue
tx_oecd_HKG_5120_2014_380,acc_hkg_5120,gov_hkg,2014-01-01,31836.0,HKD,inbound,Tax revenue: Tax revenue,5120,OECD_CTP,tax_revenue
tx_oecd_HKG_6000_2014_381,acc_hkg_6000,gov_hkg,2014-01-01,10396.0,HKD,inbound,Tax revenue: Tax revenue,6000,OECD_CTP,tax_revenue
tx_oecd_HKG_5000_2014_382,acc_hkg_5000,gov_hkg,2014-01-01,41385.0,HKD,inbound,Tax revenue: Tax revenue,5000,OECD_CTP,tax_revenue
tx_oecd_HKG_1200_2014_383,acc_hkg_1200,gov_hkg,2014-01-01,137847.0,HKD,inbound,Tax revenue: Tax revenue,1200,OECD_CTP,tax_revenue
tx_oecd_HKG_6200_2014_384,acc_hkg_6200,gov_hkg,2014-01-01,7480.0,HKD,inbound,Tax revenue: Tax revenue,6200,OECD_CTP,tax_revenue
tx_oecd_HKG_1210_2014_385,acc_hkg_1210,gov_hkg,2014-01-01,137847.0,HKD,inbound,Tax revenue: Tax revenue,1210,OECD_CTP,tax_revenue
tx_oecd_HKG_1000_2014_386,acc_hkg_1000,gov_hkg,2014-01-01,202011.0,HKD,inbound,Tax revenue: Tax revenue,1000,OECD_CTP,tax_revenue
tx_oecd_HKG_4310_2014_387,acc_hkg_4310,gov_hkg,2014-01-01,178.0,HKD,inbound,Tax revenue: Tax revenue,4310,OECD_CTP,tax_revenue
tx_oecd_HKG_5126_2014_388,acc_hkg_5126,gov_hkg,2014-01-01,21826.0,HKD,inbound,Tax revenue: Tax revenue,5126,OECD_CTP,tax_revenue
tx_oecd_HKG_4300_2014_389,acc_hkg_4300,gov_hkg,2014-01-01,178.0,HKD,inbound,Tax revenue: Tax revenue,4300,OECD_CTP,tax_revenue
tx_oecd_HKG_TOTALTAX_2014_390,acc_hkg_TOTALTAX,gov_hkg,2014-01-01,354026.0,HKD,inbound,Tax revenue: Tax revenue,TOTALTAX,OECD_CTP,tax_revenue
tx_oecd_HKG_5100_2015_391,acc_hkg_5100,gov_hkg,2015-01-01,33355.0,HKD,inbound,Tax revenue: Tax revenue,5100,OECD_CTP,tax_revenue
tx_oecd_HKG_5220_2015_392,acc_hkg_5220,gov_hkg,2015-01-01,9311.0,HKD,inbound,Tax revenue: Tax revenue,5220,OECD_CTP,tax_revenue
tx_oecd_HKG_4100_2015_393,acc_hkg_4100,gov_hkg,2015-01-01,25731.0,HKD,inbound,Tax revenue: Tax revenue,4100,OECD_CTP,tax_revenue
tx_oecd_HKG_5120_2015_394,acc_hkg_5120,gov_hkg,2015-01-01,33355.0,HKD,inbound,Tax revenue: Tax revenue,5120,OECD_CTP,tax_revenue
tx_oecd_HKG_6000_2015_395,acc_hkg_6000,gov_hkg,2015-01-01,10606.0,HKD,inbound,Tax revenue: Tax revenue,6000,OECD_CTP,tax_revenue
tx_oecd_HKG_5000_2015_396,acc_hkg_5000,gov_hkg,2015-01-01,42666.0,HKD,inbound,Tax revenue: Tax revenue,5000,OECD_CTP,tax_revenue
tx_oecd_HKG_1200_2015_397,acc_hkg_1200,gov_hkg,2015-01-01,140227.0,HKD,inbound,Tax revenue: Tax revenue,1200,OECD_CTP,tax_revenue
tx_oecd_HKG_6200_2015_398,acc_hkg_6200,gov_hkg,2015-01-01,7651.0,HKD,inbound,Tax revenue: Tax revenue,6200,OECD_CTP,tax_revenue
tx_oecd_HKG_1210_2015_399,acc_hkg_1210,gov_hkg,2015-01-01,140227.0,HKD,inbound,Tax revenue: Tax revenue,1210,OECD_CTP,tax_revenue
tx_oecd_HKG_1000_2015_400,acc_hkg_1000,gov_hkg,2015-01-01,202885.0,HKD,inbound,Tax revenue: Tax revenue,1000,OECD_CTP,tax_revenue
tx_oecd_HKG_4300_2015_401,acc_hkg_4300,gov_hkg,2015-01-01,30.0,HKD,inbound,Tax revenue: Tax revenue,4300,OECD_CTP,tax_revenue
tx_oecd_HKG_5126_2015_402,acc_hkg_5126,gov_hkg,2015-01-01,22643.0,HKD,inbound,Tax revenue: Tax revenue,5126,OECD_CTP,tax_revenue
tx_oecd_HKG_4310_2015_403,acc_hkg_4310,gov_hkg,2015-01-01,30.0,HKD,inbound,Tax revenue: Tax revenue,4310,OECD_CTP,tax_revenue
tx_oecd_HKG_TOTALTAX_2015_404,acc_hkg_TOTALTAX,gov_hkg,2015-01-01,344598.0,HKD,inbound,Tax revenue: Tax revenue,TOTALTAX,OECD_CTP,tax_revenue
tx_oecd_HKG_4000_2015_405,acc_hkg_4000,gov_hkg,2015-01-01,88441.0,HKD,inbound,Tax revenue: Tax revenue,4000,OECD_CTP,tax_revenue
tx_oecd_HKG_1110_2015_406,acc_hkg_1110,gov_hkg,2015-01-01,62658.0,HKD,inbound,Tax revenue: Tax revenue,1110,OECD_CTP,tax_revenue
tx_oecd_HKG_4400_2015_407,acc_hkg_4400,gov_hkg,2015-01-01,62680.0,HKD,inbound,Tax revenue: Tax revenue,4400,OECD_CTP,tax_revenue
tx_oecd_HKG_1100_2015_408,acc_hkg_1100,gov_hkg,2015-01-01,62658.0,HKD,inbound,Tax revenue: Tax revenue,1100,OECD_CTP,tax_revenue
tx_oecd_HKG_5200_2015_409,acc_hkg_5200,gov_hkg,2015-01-01,9311.0,HKD,inbound,Tax revenue: Tax revenue,5200,OECD_CTP,tax_revenue
tx_oecd_HKG_6100_2015_410,acc_hkg_6100,gov_hkg,2015-01-01,2955.0,HKD,inbound,Tax revenue: Tax revenue,6100,OECD_CTP,tax_revenue
tx_oecd_HKG_5121_2015_411,acc_hkg_5121,gov_hkg,2015-01-01,10712.0,HKD,inbound,Tax revenue: Tax revenue,5121,OECD_CTP,tax_revenue
tx_oecd_HKG_1210_2016_412,acc_hkg_1210,gov_hkg,2016-01-01,139238.0,HKD,inbound,Tax revenue: Tax revenue,1210,OECD_CTP,tax_revenue
tx_oecd_HKG_1000_2016_413,acc_hkg_1000,gov_hkg,2016-01-01,203535.0,HKD,inbound,Tax revenue: Tax revenue,1000,OECD_CTP,tax_revenue
tx_oecd_HKG_4310_2016_414,acc_hkg_4310,gov_hkg,2016-01-01,19.0,HKD,inbound,Tax revenue: Tax revenue,4310,OECD_CTP,tax_revenue
tx_oecd_HKG_5126_2016_415,acc_hkg_5126,gov_hkg,2016-01-01,23717.0,HKD,inbound,Tax revenue: Tax revenue,5126,OECD_CTP,tax_revenue
tx_oecd_HKG_4300_2016_416,acc_hkg_4300,gov_hkg,2016-01-01,19.0,HKD,inbound,Tax revenue: Tax revenue,4300,OECD_CTP,tax_revenue
tx_oecd_HKG_TOTALTAX_2016_417,acc_hkg_TOTALTAX,gov_hkg,2016-01-01,347936.0,HKD,inbound,Tax revenue: Tax revenue,TOTALTAX,OECD_CTP,tax_revenue
tx_oecd_HKG_5100_2016_418,acc_hkg_5100,gov_hkg,2016-01-01,33971.0,HKD,inbound,Tax revenue: Tax revenue,5100,OECD_CTP,tax_revenue
tx_oecd_HKG_5220_2016_419,acc_hkg_5220,gov_hkg,2016-01-01,7955.0,HKD,inbound,Tax revenue: Tax revenue,5220,OECD_CTP,tax_revenue
tx_oecd_HKG_4100_2016_420,acc_hkg_4100,gov_hkg,2016-01-01,24622.0,HKD,inbound,Tax revenue: Tax revenue,4100,OECD_CTP,tax_revenue
tx_oecd_HKG_6000_2016_421,acc_hkg_6000,gov_hkg,2016-01-01,15935.0,HKD,inbound,Tax revenue: Tax revenue,6000,OECD_CTP,tax_revenue
tx_oecd_HKG_5120_2016_422,acc_hkg_5120,gov_hkg,2016-01-01,33971.0,HKD,inbound,Tax revenue: Tax revenue,5120,OECD_CTP,tax_revenue
tx_oecd_HKG_5000_2016_423,acc_hkg_5000,gov_hkg,2016-01-01,41926.0,HKD,inbound,Tax revenue: Tax revenue,5000,OECD_CTP,tax_revenue
tx_oecd_HKG_1200_2016_424,acc_hkg_1200,gov_hkg,2016-01-01,139238.0,HKD,inbound,Tax revenue: Tax revenue,1200,OECD_CTP,tax_revenue
tx_oecd_HKG_6200_2016_425,acc_hkg_6200,gov_hkg,2016-01-01,5390.0,HKD,inbound,Tax revenue: Tax revenue,6200,OECD_CTP,tax_revenue
tx_oecd_HKG_4000_2016_426,acc_hkg_4000,gov_hkg,2016-01-01,86540.0,HKD,inbound,Tax revenue: Tax revenue,4000,OECD_CTP,tax_revenue
tx_oecd_HKG_1100_2016_427,acc_hkg_1100,gov_hkg,2016-01-01,64297.0,HKD,inbound,Tax revenue: Tax revenue,1100,OECD_CTP,tax_revenue
tx_oecd_HKG_1110_2016_428,acc_hkg_1110,gov_hkg,2016-01-01,64297.0,HKD,inbound,Tax revenue: Tax revenue,1110,OECD_CTP,tax_revenue
tx_oecd_HKG_4400_2016_429,acc_hkg_4400,gov_hkg,2016-01-01,61899.0,HKD,inbound,Tax revenue: Tax revenue,4400,OECD_CTP,tax_revenue
tx_oecd_HKG_6100_2016_430,acc_hkg_6100,gov_hkg,2016-01-01,10545.0,HKD,inbound,Tax revenue: Tax revenue,6100,OECD_CTP,tax_revenue
tx_oecd_HKG_5200_2016_431,acc_hkg_5200,gov_hkg,2016-01-01,7955.0,HKD,inbound,Tax revenue: Tax revenue,5200,OECD_CTP,tax_revenue
tx_oecd_HKG_5121_2016_432,acc_hkg_5121,gov_hkg,2016-01-01,10254.0,HKD,inbound,Tax revenue: Tax revenue,5121,OECD_CTP,tax_revenue
tx_oecd_HKG_5100_2017_433,acc_hkg_5100,gov_hkg,2017-01-01,35397.0,HKD,inbound,Tax revenue: Tax revenue,5100,OECD_CTP,tax_revenue
tx_oecd_HKG_5220_2017_434,acc_hkg_5220,gov_hkg,2017-01-01,8594.0,HKD,inbound,Tax revenue: Tax revenue,5220,OECD_CTP,tax_revenue
tx_oecd_HKG_4100_2017_435,acc_hkg_4100,gov_hkg,2017-01-01,25651.0,HKD,inbound,Tax revenue: Tax revenue,4100,OECD_CTP,tax_revenue
tx_oecd_HKG_5120_2017_436,acc_hkg_5120,gov_hkg,2017-01-01,35397.0,HKD,inbound,Tax revenue: Tax revenue,5120,OECD_CTP,tax_revenue
tx_oecd_HKG_6000_2017_437,acc_hkg_6000,gov_hkg,2017-01-01,11392.0,HKD,inbound,Tax revenue: Tax revenue,6000,OECD_CTP,tax_revenue
tx_oecd_HKG_5000_2017_438,acc_hkg_5000,gov_hkg,2017-01-01,43991.0,HKD,inbound,Tax revenue: Tax revenue,5000,OECD_CTP,tax_revenue
tx_oecd_HKG_1200_2017_439,acc_hkg_1200,gov_hkg,2017-01-01,139100.0,HKD,inbound,Tax revenue: Tax revenue,1200,OECD_CTP,tax_revenue
tx_oecd_HKG_6200_2017_440,acc_hkg_6200,gov_hkg,2017-01-01,8150.0,HKD,inbound,Tax revenue: Tax revenue,6200,OECD_CTP,tax_revenue
tx_oecd_HKG_1210_2017_441,acc_hkg_1210,gov_hkg,2017-01-01,139100.0,HKD,inbound,Tax revenue: Tax revenue,1210,OECD_CTP,tax_revenue
tx_oecd_HKG_1000_2017_442,acc_hkg_1000,gov_hkg,2017-01-01,205281.0,HKD,inbound,Tax revenue: Tax revenue,1000,OECD_CTP,tax_revenue
tx_oecd_HKG_5126_2017_443,acc_hkg_5126,gov_hkg,2017-01-01,24696.0,HKD,inbound,Tax revenue: Tax revenue,5126,OECD_CTP,tax_revenue
tx_oecd_HKG_4300_2017_444,acc_hkg_4300,gov_hkg,2017-01-01,31.0,HKD,inbound,Tax revenue: Tax revenue,4300,OECD_CTP,tax_revenue
tx_oecd_HKG_4310_2017_445,acc_hkg_4310,gov_hkg,2017-01-01,31.0,HKD,inbound,Tax revenue: Tax revenue,4310,OECD_CTP,tax_revenue
tx_oecd_HKG_TOTALTAX_2017_446,acc_hkg_TOTALTAX,gov_hkg,2017-01-01,381519.0,HKD,inbound,Tax revenue: Tax revenue,TOTALTAX,OECD_CTP,tax_revenue
tx_oecd_HKG_4000_2017_447,acc_hkg_4000,gov_hkg,2017-01-01,120855.0,HKD,inbound,Tax revenue: Tax revenue,4000,OECD_CTP,tax_revenue
tx_oecd_HKG_4400_2017_448,acc_hkg_4400,gov_hkg,2017-01-01,95173.0,HKD,inbound,Tax revenue: Tax revenue,4400,OECD_CTP,tax_revenue
tx_oecd_HKG_1110_2017_449,acc_hkg_1110,gov_hkg,2017-01-01,66181.0,HKD,inbound,Tax revenue: Tax revenue,1110,OECD_CTP,tax_revenue
tx_oecd_HKG_1100_2017_450,acc_hkg_1100,gov_hkg,2017-01-01,66181.0,HKD,inbound,Tax revenue: Tax revenue,1100,OECD_CTP,tax_revenue
tx_oecd_HKG_5200_2017_451,acc_hkg_5200,gov_hkg,2017-01-01,8594.0,HKD,inbound,Tax revenue: Tax revenue,5200,OECD_CTP,tax_revenue
tx_oecd_HKG_6100_2017_452,acc_hkg_6100,gov_hkg,2017-01-01,3242.0,HKD,inbound,Tax revenue: Tax revenue,6100,OECD_CTP,tax_revenue
tx_oecd_HKG_5121_2017_453,acc_hkg_5121,gov_hkg,2017-01-01,10701.0,HKD,inbound,Tax revenue: Tax revenue,5121,OECD_CTP,tax_revenue
tx_oecd_HKG_1210_2018_454,acc_hkg_1210,gov_hkg,2018-01-01,166620.0,HKD,inbound,Tax revenue: Tax revenue,1210,OECD_CTP,tax_revenue
tx_oecd_HKG_1000_2018_455,acc_hkg_1000,gov_hkg,2018-01-01,232729.0,HKD,inbound,Tax revenue: Tax revenue,1000,OECD_CTP,tax_revenue
tx_oecd_HKG_4310_2018_456,acc_hkg_4310,gov_hkg,2018-01-01,89.0,HKD,inbound,Tax revenue: Tax revenue,4310,OECD_CTP,tax_revenue
tx_oecd_HKG_4300_2018_457,acc_hkg_4300,gov_hkg,2018-01-01,89.0,HKD,inbound,Tax revenue: Tax revenue,4300,OECD_CTP,tax_revenue
tx_oecd_HKG_5126_2018_458,acc_hkg_5126,gov_hkg,2018-01-01,25075.0,HKD,inbound,Tax revenue: Tax revenue,5126,OECD_CTP,tax_revenue
tx_oecd_HKG_TOTALTAX_2018_459,acc_hkg_TOTALTAX,gov_hkg,2018-01-01,390260.0,HKD,inbound,Tax revenue: Tax revenue,TOTALTAX,OECD_CTP,tax_revenue
tx_oecd_HKG_5100_2018_460,acc_hkg_5100,gov_hkg,2018-01-01,35711.0,HKD,inbound,Tax revenue: Tax revenue,5100,OECD_CTP,tax_revenue
tx_oecd_HKG_5220_2018_461,acc_hkg_5220,gov_hkg,2018-01-01,9432.0,HKD,inbound,Tax revenue: Tax revenue,5220,OECD_CTP,tax_revenue
tx_oecd_HKG_4100_2018_462,acc_hkg_4100,gov_hkg,2018-01-01,20791.0,HKD,inbound,Tax revenue: Tax revenue,4100,OECD_CTP,tax_revenue
tx_oecd_HKG_6000_2018_463,acc_hkg_6000,gov_hkg,2018-01-01,11529.0,HKD,inbound,Tax revenue: Tax revenue,6000,OECD_CTP,tax_revenue
tx_oecd_HKG_5120_2018_464,acc_hkg_5120,gov_hkg,2018-01-01,35711.0,HKD,inbound,Tax revenue: Tax revenue,5120,OECD_CTP,tax_revenue
tx_oecd_HKG_5000_2018_465,acc_hkg_5000,gov_hkg,2018-01-01,45143.0,HKD,inbound,Tax revenue: Tax revenue,5000,OECD_CTP,tax_revenue
tx_oecd_HKG_1200_2018_466,acc_hkg_1200,gov_hkg,2018-01-01,166620.0,HKD,inbound,Tax revenue: Tax revenue,1200,OECD_CTP,tax_revenue
tx_oecd_HKG_6200_2018_467,acc_hkg_6200,gov_hkg,2018-01-01,8029.0,HKD,inbound,Tax revenue: Tax revenue,6200,OECD_CTP,tax_revenue
tx_oecd_HKG_4000_2018_468,acc_hkg_4000,gov_hkg,2018-01-01,100859.0,HKD,inbound,Tax revenue: Tax revenue,4000,OECD_CTP,tax_revenue
tx_oecd_HKG_1100_2018_469,acc_hkg_1100,gov_hkg,2018-01-01,66109.0,HKD,inbound,Tax revenue: Tax revenue,1100,OECD_CTP,tax_revenue
tx_oecd_HKG_1110_2018_470,acc_hkg_1110,gov_hkg,2018-01-01,66109.0,HKD,inbound,Tax revenue: Tax revenue,1110,OECD_CTP,tax_revenue
tx_oecd_HKG_4400_2018_471,acc_hkg_4400,gov_hkg,2018-01-01,79979.0,HKD,inbound,Tax revenue: Tax revenue,4400,OECD_CTP,tax_revenue
tx_oecd_HKG_6100_2018_472,acc_hkg_6100,gov_hkg,2018-01-01,3500.0,HKD,inbound,Tax revenue: Tax revenue,6100,OECD_CTP,tax_revenue
tx_oecd_HKG_5200_2018_473,acc_hkg_5200,gov_hkg,2018-01-01,9432.0,HKD,inbound,Tax revenue: Tax revenue,5200,OECD_CTP,tax_revenue
tx_oecd_HKG_5121_2018_474,acc_hkg_5121,gov_hkg,2018-01-01,10636.0,HKD,inbound,Tax revenue: Tax revenue,5121,OECD_CTP,tax_revenue
tx_oecd_HKG_5100_2019_475,acc_hkg_5100,gov_hkg,2019-01-01,35750.0,HKD,inbound,Tax revenue: Tax revenue,5100,OECD_CTP,tax_revenue
tx_oecd_HKG_5220_2019_476,acc_hkg_5220,gov_hkg,2019-01-01,7219.0,HKD,inbound,Tax revenue: Tax revenue,5220,OECD_CTP,tax_revenue
tx_oecd_HKG_4100_2019_477,acc_hkg_4100,gov_hkg,2019-01-01,23787.0,HKD,inbound,Tax revenue: Tax revenue,4100,OECD_CTP,tax_revenue
tx_oecd_HKG_5120_2019_478,acc_hkg_5120,gov_hkg,2019-01-01,35750.0,HKD,inbound,Tax revenue: Tax revenue,5120,OECD_CTP,tax_revenue
tx_oecd_HKG_6000_2019_479,acc_hkg_6000,gov_hkg,2019-01-01,8034.0,HKD,inbound,Tax revenue: Tax revenue,6000,OECD_CTP,tax_revenue
tx_oecd_HKG_5000_2019_480,acc_hkg_5000,gov_hkg,2019-01-01,42969.0,HKD,inbound,Tax revenue: Tax revenue,5000,OECD_CTP,tax_revenue
tx_oecd_HKG_1200_2019_481,acc_hkg_1200,gov_hkg,2019-01-01,155900.0,HKD,inbound,Tax revenue: Tax revenue,1200,OECD_CTP,tax_revenue
tx_oecd_HKG_6200_2019_482,acc_hkg_6200,gov_hkg,2019-01-01,4832.0,HKD,inbound,Tax revenue: Tax revenue,6200,OECD_CTP,tax_revenue
tx_oecd_HKG_1210_2019_483,acc_hkg_1210,gov_hkg,2019-01-01,155900.0,HKD,inbound,Tax revenue: Tax revenue,1210,OECD_CTP,tax_revenue
tx_oecd_HKG_1000_2019_484,acc_hkg_1000,gov_hkg,2019-01-01,211312.0,HKD,inbound,Tax revenue: Tax revenue,1000,OECD_CTP,tax_revenue
tx_oecd_HKG_5126_2019_485,acc_hkg_5126,gov_hkg,2019-01-01,24359.0,HKD,inbound,Tax revenue: Tax revenue,5126,OECD_CTP,tax_revenue
tx_oecd_HKG_4300_2019_486,acc_hkg_4300,gov_hkg,2019-01-01,53.0,HKD,inbound,Tax revenue: Tax revenue,4300,OECD_CTP,tax_revenue
tx_oecd_HKG_TOTALTAX_2019_487,acc_hkg_TOTALTAX,gov_hkg,2019-01-01,353353.0,HKD,inbound,Tax revenue: Tax revenue,TOTALTAX,OECD_CTP,tax_revenue
tx_oecd_HKG_4310_2019_488,acc_hkg_4310,gov_hkg,2019-01-01,53.0,HKD,inbound,Tax revenue: Tax revenue,4310,OECD_CTP,tax_revenue
tx_oecd_HKG_4000_2019_489,acc_hkg_4000,gov_hkg,2019-01-01,91038.0,HKD,inbound,Tax revenue: Tax revenue,4000,OECD_CTP,tax_revenue
tx_oecd_HKG_4400_2019_490,acc_hkg_4400,gov_hkg,2019-01-01,67198.0,HKD,inbound,Tax revenue: Tax revenue,4400,OECD_CTP,tax_revenue
tx_oecd_HKG_1110_2019_491,acc_hkg_1110,gov_hkg,2019-01-01,55412.0,HKD,inbound,Tax revenue: Tax revenue,1110,OECD_CTP,tax_revenue
tx_oecd_HKG_1100_2019_492,acc_hkg_1100,gov_hkg,2019-01-01,55412.0,HKD,inbound,Tax revenue: Tax revenue,1100,OECD_CTP,tax_revenue
tx_oecd_HKG_5200_2019_493,acc_hkg_5200,gov_hkg,2019-01-01,7219.0,HKD,inbound,Tax revenue: Tax revenue,5200,OECD_CTP,tax_revenue
tx_oecd_HKG_6100_2019_494,acc_hkg_6100,gov_hkg,2019-01-01,3202.0,HKD,inbound,Tax revenue: Tax revenue,6100,OECD_CTP,tax_revenue
tx_oecd_HKG_5121_2019_495,acc_hkg_5121,gov_hkg,2019-01-01,11391.0,HKD,inbound,Tax revenue: Tax revenue,5121,OECD_CTP,tax_revenue
tx_oecd_HKG_4100_2020_496,acc_hkg_4100,gov_hkg,2020-01-01,23001.0,HKD,inbound,Tax revenue: Tax revenue,4100,OECD_CTP,tax_revenue
tx_oecd_HKG_6000_2020_497,acc_hkg_6000,gov_hkg,2020-01-01,7891.0,HKD,inbound,Tax revenue: Tax revenue,6000,OECD_CTP,tax_revenue
tx_oecd_HKG_5120_2020_498,acc_hkg_5120,gov_hkg,2020-01-01,32830.0,HKD,inbound,Tax revenue: Tax revenue,5120,OECD_CTP,tax_revenue
tx_oecd_HKG_1200_2020_499,acc_hkg_1200,gov_hkg,2020-01-01,135540.0,HKD,inbound,Tax revenue: Tax revenue,1200,OECD_CTP,tax_revenue
tx_oecd_HKG_5000_2020_500,acc_hkg_5000,gov_hkg,2020-01-01,39424.0,HKD,inbound,Tax revenue: Tax revenue,5000,OECD_CTP,tax_revenue
tx_oecd_HKG_5100_2020_501,acc_hkg_5100,gov_hkg,2020-01-01,32830.0,HKD,inbound,Tax revenue: Tax revenue,5100,OECD_CTP,tax_revenue
tx_oecd_HKG_5220_2020_502,acc_hkg_5220,gov_hkg,2020-01-01,6594.0,HKD,inbound,Tax revenue: Tax revenue,5220,OECD_CTP,tax_revenue
tx_oecd_HKG_1000_2020_503,acc_hkg_1000,gov_hkg,2020-01-01,216861.0,HKD,inbound,Tax revenue: Tax revenue,1000,OECD_CTP,tax_revenue
tx_oecd_HKG_1210_2020_504,acc_hkg_1210,gov_hkg,2020-01-01,135540.0,HKD,inbound,Tax revenue: Tax revenue,1210,OECD_CTP,tax_revenue
tx_oecd_HKG_4000_2020_505,acc_hkg_4000,gov_hkg,2020-01-01,112053.0,HKD,inbound,Tax revenue: Tax revenue,4000,OECD_CTP,tax_revenue
tx_oecd_HKG_1100_2020_506,acc_hkg_1100,gov_hkg,2020-01-01,81321.0,HKD,inbound,Tax revenue: Tax revenue,1100,OECD_CTP,tax_revenue
tx_oecd_HKG_1110_2020_507,acc_hkg_1110,gov_hkg,2020-01-01,81321.0,HKD,inbound,Tax revenue: Tax revenue,1110,OECD_CTP,tax_revenue
tx_oecd_HKG_4400_2020_508,acc_hkg_4400,gov_hkg,2020-01-01,89045.0,HKD,inbound,Tax revenue: Tax revenue,4400,OECD_CTP,tax_revenue
tx_oecd_HKG_6100_2020_509,acc_hkg_6100,gov_hkg,2020-01-01,3529.0,HKD,inbound,Tax revenue: Tax revenue,6100,OECD_CTP,tax_revenue
tx_oecd_HKG_5200_2020_510,acc_hkg_5200,gov_hkg,2020-01-01,6594.0,HKD,inbound,Tax revenue: Tax revenue,5200,OECD_CTP,tax_revenue
tx_oecd_HKG_5126_2020_511,acc_hkg_5126,gov_hkg,2020-01-01,20978.0,HKD,inbound,Tax revenue: Tax revenue,5126,OECD_CTP,tax_revenue
tx_oecd_HKG_4300_2020_512,acc_hkg_4300,gov_hkg,2020-01-01,7.0,HKD,inbound,Tax revenue: Tax revenue,4300,OECD_CTP,tax_revenue
tx_oecd_HKG_6200_2020_513,acc_hkg_6200,gov_hkg,2020-01-01,4362.0,HKD,inbound,Tax revenue: Tax revenue,6200,OECD_CTP,tax_revenue
tx_oecd_HKG_4310_2020_514,acc_hkg_4310,gov_hkg,2020-01-01,7.0,HKD,inbound,Tax revenue: Tax revenue,4310,OECD_CTP,tax_revenue
tx_oecd_HKG_TOTALTAX_2020_515,acc_hkg_TOTALTAX,gov_hkg,2020-01-01,376229.0,HKD,inbound,Tax revenue: Tax revenue,TOTALTAX,OECD_CTP,tax_revenue
tx_oecd_HKG_5121_2020_516,acc_hkg_5121,gov_hkg,2020-01-01,11852.0,HKD,inbound,Tax revenue: Tax revenue,5121,OECD_CTP,tax_revenue
tx_oecd_HKG_5121_2021_517,acc_hkg_5121,gov_hkg,2021-01-01,12467.0,HKD,inbound,Tax revenue: Tax revenue,5121,OECD_CTP,tax_revenue
tx_oecd_HKG_5200_2021_518,acc_hkg_5200,gov_hkg,2021-01-01,6167.0,HKD,inbound,Tax revenue: Tax revenue,5200,OECD_CTP,tax_revenue
tx_oecd_HKG_6100_2021_519,acc_hkg_6100,gov_hkg,2021-01-01,5795.0,HKD,inbound,Tax revenue: Tax revenue,6100,OECD_CTP,tax_revenue
tx_oecd_HKG_4400_2021_520,acc_hkg_4400,gov_hkg,2021-01-01,99677.0,HKD,inbound,Tax revenue: Tax revenue,4400,OECD_CTP,tax_revenue
tx_oecd_HKG_1100_2021_521,acc_hkg_1100,gov_hkg,2021-01-01,82027.0,HKD,inbound,Tax revenue: Tax revenue,1100,OECD_CTP,tax_revenue
tx_oecd_HKG_1110_2021_522,acc_hkg_1110,gov_hkg,2021-01-01,82027.0,HKD,inbound,Tax revenue: Tax revenue,1110,OECD_CTP,tax_revenue
tx_oecd_HKG_4000_2021_523,acc_hkg_4000,gov_hkg,2021-01-01,122920.0,HKD,inbound,Tax revenue: Tax revenue,4000,OECD_CTP,tax_revenue
tx_oecd_HKG_1210_2021_524,acc_hkg_1210,gov_hkg,2021-01-01,167336.0,HKD,inbound,Tax revenue: Tax revenue,1210,OECD_CTP,tax_revenue
tx_oecd_HKG_1000_2021_525,acc_hkg_1000,gov_hkg,2021-01-01,249363.0,HKD,inbound,Tax revenue: Tax revenue,1000,OECD_CTP,tax_revenue
tx_oecd_HKG_5126_2021_526,acc_hkg_5126,gov_hkg,2021-01-01,25488.0,HKD,inbound,Tax revenue: Tax revenue,5126,OECD_CTP,tax_revenue
tx_oecd_HKG_4300_2021_527,acc_hkg_4300,gov_hkg,2021-01-01,2.0,HKD,inbound,Tax revenue: Tax revenue,4300,OECD_CTP,tax_revenue
tx_oecd_HKG_4310_2021_528,acc_hkg_4310,gov_hkg,2021-01-01,2.0,HKD,inbound,Tax revenue: Tax revenue,4310,OECD_CTP,tax_revenue
tx_oecd_HKG_TOTALTAX_2021_529,acc_hkg_TOTALTAX,gov_hkg,2021-01-01,427087.0,HKD,inbound,Tax revenue: Tax revenue,TOTALTAX,OECD_CTP,tax_revenue
tx_oecd_HKG_5220_2021_530,acc_hkg_5220,gov_hkg,2021-01-01,6167.0,HKD,inbound,Tax revenue: Tax revenue,5220,OECD_CTP,tax_revenue
tx_oecd_HKG_5100_2021_531,acc_hkg_5100,gov_hkg,2021-01-01,37955.0,HKD,inbound,Tax revenue: Tax revenue,5100,OECD_CTP,tax_revenue
tx_oecd_HKG_5120_2021_532,acc_hkg_5120,gov_hkg,2021-01-01,37955.0,HKD,inbound,Tax revenue: Tax revenue,5120,OECD_CTP,tax_revenue
tx_oecd_HKG_6000_2021_533,acc_hkg_6000,gov_hkg,2021-01-01,10682.0,HKD,inbound,Tax revenue: Tax revenue,6000,OECD_CTP,tax_revenue
tx_oecd_HKG_4100_2021_534,acc_hkg_4100,gov_hkg,2021-01-01,23241.0,HKD,inbound,Tax revenue: Tax revenue,4100,OECD_CTP,tax_revenue
tx_oecd_HKG_6200_2021_535,acc_hkg_6200,gov_hkg,2021-01-01,4887.0,HKD,inbound,Tax revenue: Tax revenue,6200,OECD_CTP,tax_revenue
tx_oecd_HKG_1200_2021_536,acc_hkg_1200,gov_hkg,2021-01-01,167336.0,HKD,inbound,Tax revenue: Tax revenue,1200,OECD_CTP,tax_revenue
tx_oecd_HKG_5000_2021_537,acc_hkg_5000,gov_hkg,2021-01-01,44122.0,HKD,inbound,Tax revenue: Tax revenue,5000,OECD_CTP,tax_revenue
tx_oecd_HKG_5220_2022_538,acc_hkg_5220,gov_hkg,2022-01-01,4966.0,HKD,inbound,Tax revenue: Tax revenue,5220,OECD_CTP,tax_revenue
tx_oecd_HKG_5100_2022_539,acc_hkg_5100,gov_hkg,2022-01-01,38199.0,HKD,inbound,Tax revenue: Tax revenue,5100,OECD_CTP,tax_revenue
tx_oecd_HKG_4100_2022_540,acc_hkg_4100,gov_hkg,2022-01-01,22943.0,HKD,inbound,Tax revenue: Tax revenue,4100,OECD_CTP,tax_revenue
tx_oecd_HKG_5120_2022_541,acc_hkg_5120,gov_hkg,2022-01-01,38199.0,HKD,inbound,Tax revenue: Tax revenue,5120,OECD_CTP,tax_revenue
tx_oecd_HKG_6000_2022_542,acc_hkg_6000,gov_hkg,2022-01-01,8619.0,HKD,inbound,Tax revenue: Tax revenue,6000,OECD_CTP,tax_revenue
tx_oecd_HKG_6200_2022_543,acc_hkg_6200,gov_hkg,2022-01-01,5135.0,HKD,inbound,Tax revenue: Tax revenue,6200,OECD_CTP,tax_revenue
tx_oecd_HKG_1200_2022_544,acc_hkg_1200,gov_hkg,2022-01-01,174212.0,HKD,inbound,Tax revenue: Tax revenue,1200,OECD_CTP,tax_revenue
tx_oecd_HKG_5000_2022_545,acc_hkg_5000,gov_hkg,2022-01-01,43165.0,HKD,inbound,Tax revenue: Tax revenue,5000,OECD_CTP,tax_revenue
tx_oecd_HKG_1000_2022_546,acc_hkg_1000,gov_hkg,2022-01-01,260422.0,HKD,inbound,Tax revenue: Tax revenue,1000,OECD_CTP,tax_revenue
tx_oecd_HKG_1210_2022_547,acc_hkg_1210,gov_hkg,2022-01-01,174212.0,HKD,inbound,Tax revenue: Tax revenue,1210,OECD_CTP,tax_revenue
tx_oecd_HKG_4310_2022_548,acc_hkg_4310,gov_hkg,2022-01-01,9.0,HKD,inbound,Tax revenue: Tax revenue,4310,OECD_CTP,tax_revenue
tx_oecd_HKG_4300_2022_549,acc_hkg_4300,gov_hkg,2022-01-01,9.0,HKD,inbound,Tax revenue: Tax revenue,4300,OECD_CTP,tax_revenue
tx_oecd_HKG_5126_2022_550,acc_hkg_5126,gov_hkg,2022-01-01,26217.0,HKD,inbound,Tax revenue: Tax revenue,5126,OECD_CTP,tax_revenue
tx_oecd_HKG_TOTALTAX_2022_551,acc_hkg_TOTALTAX,gov_hkg,2022-01-01,405135.0,HKD,inbound,Tax revenue: Tax revenue,TOTALTAX,OECD_CTP,tax_revenue
tx_oecd_HKG_5121_2022_552,acc_hkg_5121,gov_hkg,2022-01-01,11982.0,HKD,inbound,Tax revenue: Tax revenue,5121,OECD_CTP,tax_revenue
tx_oecd_HKG_6100_2022_553,acc_hkg_6100,gov_hkg,2022-01-01,3484.0,HKD,inbound,Tax revenue: Tax revenue,6100,OECD_CTP,tax_revenue
tx_oecd_HKG_5200_2022_554,acc_hkg_5200,gov_hkg,2022-01-01,4966.0,HKD,inbound,Tax revenue: Tax revenue,5200,OECD_CTP,tax_revenue
tx_oecd_HKG_1110_2022_555,acc_hkg_1110,gov_hkg,2022-01-01,86210.0,HKD,inbound,Tax revenue: Tax revenue,1110,OECD_CTP,tax_revenue
tx_oecd_HKG_1100_2022_556,acc_hkg_1100,gov_hkg,2022-01-01,86210.0,HKD,inbound,Tax revenue: Tax revenue,1100,OECD_CTP,tax_revenue
tx_oecd_HKG_4400_2022_557,acc_hkg_4400,gov_hkg,2022-01-01,69977.0,HKD,inbound,Tax revenue: Tax revenue,4400,OECD_CTP,tax_revenue
tx_oecd_HKG_4000_2022_558,acc_hkg_4000,gov_hkg,2022-01-01,92929.0,HKD,inbound,Tax revenue: Tax revenue,4000,OECD_CTP,tax_revenue
tx_oecd_HKG_1210_2023_559,acc_hkg_1210,gov_hkg,2023-01-01,170498.0,HKD,inbound,Tax revenue: Tax revenue,1210,OECD_CTP,tax_revenue
tx_oecd_HKG_1000_2023_560,acc_hkg_1000,gov_hkg,2023-01-01,257690.0,HKD,inbound,Tax revenue: Tax revenue,1000,OECD_CTP,tax_revenue
tx_oecd_HKG_5126_2023_561,acc_hkg_5126,gov_hkg,2023-01-01,30410.0,HKD,inbound,Tax revenue: Tax revenue,5126,OECD_CTP,tax_revenue
tx_oecd_HKG_4300_2023_562,acc_hkg_4300,gov_hkg,2023-01-01,10.0,HKD,inbound,Tax revenue: Tax revenue,4300,OECD_CTP,tax_revenue
tx_oecd_HKG_4310_2023_563,acc_hkg_4310,gov_hkg,2023-01-01,10.0,HKD,inbound,Tax revenue: Tax revenue,4310,OECD_CTP,tax_revenue
tx_oecd_HKG_TOTALTAX_2023_564,acc_hkg_TOTALTAX,gov_hkg,2023-01-01,398188.0,HKD,inbound,Tax revenue: Tax revenue,TOTALTAX,OECD_CTP,tax_revenue
tx_oecd_HKG_5100_2023_565,acc_hkg_5100,gov_hkg,2023-01-01,41309.0,HKD,inbound,Tax revenue: Tax revenue,5100,OECD_CTP,tax_revenue
tx_oecd_HKG_5220_2023_566,acc_hkg_5220,gov_hkg,2023-01-01,5898.0,HKD,inbound,Tax revenue: Tax revenue,5220,OECD_CTP,tax_revenue
tx_oecd_HKG_4100_2023_567,acc_hkg_4100,gov_hkg,2023-01-01,32116.0,HKD,inbound,Tax revenue: Tax revenue,4100,OECD_CTP,tax_revenue
tx_oecd_HKG_6000_2023_568,acc_hkg_6000,gov_hkg,2023-01-01,12053.0,HKD,inbound,Tax revenue: Tax revenue,6000,OECD_CTP,tax_revenue
tx_oecd_HKG_5120_2023_569,acc_hkg_5120,gov_hkg,2023-01-01,41309.0,HKD,inbound,Tax revenue: Tax revenue,5120,OECD_CTP,tax_revenue
tx_oecd_HKG_1200_2023_570,acc_hkg_1200,gov_hkg,2023-01-01,170498.0,HKD,inbound,Tax revenue: Tax revenue,1200,OECD_CTP,tax_revenue
tx_oecd_HKG_5000_2023_571,acc_hkg_5000,gov_hkg,2023-01-01,47207.0,HKD,inbound,Tax revenue: Tax revenue,5000,OECD_CTP,tax_revenue
tx_oecd_HKG_6200_2023_572,acc_hkg_6200,gov_hkg,2023-01-01,7696.0,HKD,inbound,Tax revenue: Tax revenue,6200,OECD_CTP,tax_revenue
tx_oecd_HKG_5121_2023_573,acc_hkg_5121,gov_hkg,2023-01-01,10899.0,HKD,inbound,Tax revenue: Tax revenue,5121,OECD_CTP,tax_revenue
tx_oecd_HKG_5200_2023_574,acc_hkg_5200,gov_hkg,2023-01-01,5898.0,HKD,inbound,Tax revenue: Tax revenue,5200,OECD_CTP,tax_revenue
tx_oecd_HKG_6100_2023_575,acc_hkg_6100,gov_hkg,2023-01-01,4357.0,HKD,inbound,Tax revenue: Tax revenue,6100,OECD_CTP,tax_revenue
tx_oecd_HKG_1100_2023_576,acc_hkg_1100,gov_hkg,2023-01-01,87192.0,HKD,inbound,Tax revenue: Tax revenue,1100,OECD_CTP,tax_revenue
tx_oecd_HKG_1110_2023_577,acc_hkg_1110,gov_hkg,2023-01-01,87192.0,HKD,inbound,Tax revenue: Tax revenue,1110,OECD_CTP,tax_revenue
tx_oecd_HKG_4400_2023_578,acc_hkg_4400,gov_hkg,2023-01-01,49112.0,HKD,inbound,Tax revenue: Tax revenue,4400,OECD_CTP,tax_revenue
tx_oecd_HKG_4000_2023_579,acc_hkg_4000,gov_hkg,2023-01-01,81238.0,HKD,inbound,Tax revenue: Tax revenue,4000,OECD_CTP,tax_revenue
